{"img_width": 1280, "img_height": 720, "fx": 633.10388184, "fy": 632.65472412, "x_offset": 639.86096191, "y_offset": 352.15344238}