{"img_width": 1080, "img_height": 720, "fx": 631.54865, "fy": 631.20752, "x_offset": 638.43517, "y_offset": 366.49904}
