{"img_width": 640, "img_height": 480, "fx": 606.477294921875, "fy": 606.5587158203125, "x_offset": 325.2984313964844, "y_offset": 250.1132354736328}